,epl_team,epl_season,home_wins,away_wins,goal_difference,goals_conceded,goals_scored,matches_drawn,matches_lost,matches_played,matches_won,season_points,season_position,epl_season_start_year,header_goals,penalty_goals,freekick_goals,insidebox_goals,outsidebox_goals,counter_attack_goals,clean_sheet,total_passes,total_long_balls,total_through_balls,total_crosses,total_backward_pass
0,Arsenal,2006/2007,12,7,28,35,63,11,8,38,19,68,4,2006-01-01,10.0,10.0,3.0,53.0,10.0,7.0,12.0,18458.0,2045.0,86.645,873.0,2453.4714285714285
1,Arsenal,2007/2008,14,10,44,31,75,11,3,38,24,83,3,2007-01-01,14.0,5.0,1.0,65.0,9.0,7.0,15.0,18831.0,1946.0,92.0,888.0,2453.4714285714285
2,Arsenal,2008/2009,11,9,31,37,68,12,6,38,20,72,4,2008-01-01,14.0,5.0,0.0,62.0,6.0,7.0,16.0,18991.0,2044.0,225.0,1069.0,2453.4714285714285
3,Arsenal,2009/2010,15,8,42,41,83,6,9,38,23,75,3,2009-01-01,11.0,3.0,2.0,65.0,18.0,9.0,14.0,19291.0,1837.0,334.0,1023.0,2453.4714285714285
4,Arsenal,2010/2011,11,8,29,43,72,11,8,38,19,68,4,2010-01-01,9.0,4.0,1.0,67.0,5.0,3.0,13.0,20150.0,1462.0,373.0,928.0,2278.0
5,Arsenal,2011/2012,12,9,25,49,74,7,10,38,21,70,3,2011-01-01,9.0,2.0,2.0,64.0,10.0,9.0,13.0,20599.0,1665.0,294.0,896.0,2754.0
6,Arsenal,2012/2013,11,10,35,37,72,10,7,38,21,73,4,2012-01-01,11.0,5.0,2.0,65.0,7.0,7.0,14.0,21110.0,1755.0,226.0,951.0,3079.0
7,Arsenal,2013/2014,13,11,27,41,68,7,7,38,24,79,4,2013-01-01,12.0,3.0,0.0,63.0,5.0,4.0,17.0,21561.0,1799.0,144.0,753.0,3211.0
8,Arsenal,2014/2015,12,10,35,36,71,9,7,38,22,75,3,2014-01-01,10.0,6.0,3.0,62.0,9.0,2.0,13.0,20527.0,1749.0,202.0,866.0,2793.0
9,Arsenal,2015/2016,12,8,29,36,65,11,7,38,20,71,2,2015-01-01,13.0,1.0,1.0,61.0,4.0,3.0,18.0,21249.0,1859.0,168.0,754.0,2946.0
10,Arsenal,2016/2017,14,9,33,44,77,6,9,38,23,75,5,2016-01-01,17.0,4.0,2.0,70.0,7.0,2.0,13.0,21394.0,1979.0,129.0,697.0,2835.0
11,Aston Villa,2006/2007,7,4,2,41,43,17,10,38,11,50,11,2006-01-01,5.0,6.0,1.0,34.0,9.0,6.0,13.0,13254.0,2152.0,86.645,886.0,2453.4714285714285
12,Aston Villa,2007/2008,10,6,20,51,71,12,10,38,16,60,6,2007-01-01,16.0,6.0,5.0,55.0,16.0,3.0,9.0,11438.0,1982.0,30.0,932.0,2453.4714285714285
13,Aston Villa,2008/2009,7,10,6,48,54,11,10,38,17,62,6,2008-01-01,10.0,4.0,2.0,44.0,10.0,10.0,13.0,12419.0,2208.0,81.0,1119.0,2453.4714285714285
14,Aston Villa,2009/2010,8,9,13,39,52,13,8,38,17,64,6,2009-01-01,12.0,5.0,0.0,44.0,8.0,4.0,15.0,13127.0,2055.0,70.0,1031.0,2453.4714285714285
15,Aston Villa,2010/2011,8,4,-11,59,48,12,14,38,12,48,9,2010-01-01,13.0,4.0,2.0,42.0,6.0,4.0,7.0,14611.0,1970.0,123.0,973.0,1901.0
16,Aston Villa,2011/2012,4,3,-16,53,37,17,14,38,7,38,16,2011-01-01,3.0,3.0,0.0,29.0,8.0,1.0,9.0,13158.0,1980.0,62.0,834.0,2013.0
17,Aston Villa,2012/2013,5,5,-22,69,47,11,17,38,10,41,15,2012-01-01,7.0,3.0,1.0,35.0,12.0,6.0,5.0,14247.0,1900.0,58.0,676.0,2236.0
18,Aston Villa,2013/2014,6,4,-22,61,39,8,20,38,10,38,15,2013-01-01,10.0,2.0,3.0,33.0,6.0,4.0,9.0,13856.0,2298.0,30.0,749.0,2231.0
19,Aston Villa,2014/2015,5,5,-26,57,31,8,20,38,10,38,17,2014-01-01,7.0,1.0,1.0,28.0,3.0,2.0,10.0,16527.0,2740.0,14.0,766.0,2575.0
20,Aston Villa,2015/2016,2,1,-49,76,27,8,27,38,3,17,20,2015-01-01,6.0,2.0,0.0,21.0,6.0,1.0,6.0,15308.0,2507.0,12.0,796.0,2269.0
21,Birmingham City,2007/2008,6,2,-16,62,46,11,19,38,8,35,19,2007-01-01,6.0,6.0,5.0,34.0,12.0,1.0,3.0,10630.0,2219.0,35.0,774.0,2453.4714285714285
22,Birmingham City,2009/2010,8,5,-9,47,38,11,14,38,13,50,9,2009-01-01,3.0,2.0,4.0,30.0,8.0,4.0,11.0,13540.0,2433.0,124.0,736.0,2453.4714285714285
23,Birmingham City,2010/2011,6,2,-21,58,37,15,15,38,8,39,18,2010-01-01,10.0,2.0,0.0,34.0,3.0,1.0,9.0,14036.0,2657.0,82.0,784.0,2221.0
24,Blackburn Rovers,2006/2007,9,6,-2,54,52,7,16,38,15,52,10,2006-01-01,12.0,5.0,3.0,43.0,9.0,2.0,8.0,14033.0,2544.0,86.645,911.0,2453.4714285714285
25,Blackburn Rovers,2007/2008,8,7,2,48,50,13,10,38,15,58,7,2007-01-01,11.0,5.0,1.0,40.0,10.0,3.0,8.0,13650.0,2281.0,31.0,883.0,2453.4714285714285
26,Blackburn Rovers,2008/2009,6,4,-20,60,40,11,17,38,10,41,15,2008-01-01,9.0,4.0,1.0,35.0,5.0,0.0,10.0,13436.0,2307.0,111.0,865.0,2453.4714285714285
27,Blackburn Rovers,2009/2010,10,3,-14,55,41,11,14,38,13,50,10,2009-01-01,11.0,3.0,0.0,35.0,6.0,2.0,13.0,11792.0,2203.0,91.0,752.0,2453.4714285714285
28,Blackburn Rovers,2010/2011,7,4,-13,59,46,10,17,38,11,43,15,2010-01-01,9.0,1.0,2.0,39.0,7.0,1.0,8.0,11178.0,2057.0,54.0,821.0,1558.0
29,Blackburn Rovers,2011/2012,6,2,-30,78,48,7,23,38,8,31,19,2011-01-01,13.0,4.0,2.0,41.0,7.0,2.0,3.0,12424.0,2067.0,59.0,610.0,1934.0
30,Blackpool,2010/2011,5,5,-23,78,55,9,19,38,10,39,19,2010-01-01,8.0,7.0,3.0,44.0,11.0,3.0,6.0,15113.0,2582.0,75.0,836.0,2543.0
31,Bolton Wanderers,2006/2007,9,7,-5,52,47,8,14,38,16,56,7,2006-01-01,10.0,6.0,0.0,38.0,9.0,3.0,12.0,12400.0,2403.0,86.645,942.0,2453.4714285714285
32,Bolton Wanderers,2007/2008,7,2,-18,54,36,10,19,38,9,37,16,2007-01-01,5.0,0.0,2.0,30.0,6.0,2.0,12.0,11854.0,2163.0,22.0,905.0,2453.4714285714285
33,Bolton Wanderers,2008/2009,7,4,-12,53,41,8,19,38,11,41,13,2008-01-01,10.0,0.0,3.0,35.0,6.0,2.0,7.0,10649.0,2078.0,81.0,853.0,2453.4714285714285
34,Bolton Wanderers,2009/2010,6,4,-25,67,42,9,19,38,10,39,14,2009-01-01,10.0,4.0,2.0,38.0,4.0,0.0,5.0,11404.0,2277.0,114.0,875.0,2453.4714285714285
35,Bolton Wanderers,2010/2011,10,2,-4,56,52,10,16,38,12,46,14,2010-01-01,10.0,4.0,1.0,44.0,8.0,3.0,5.0,12704.0,2360.0,104.0,850.0,1579.0
36,Bolton Wanderers,2011/2012,4,6,-31,77,46,6,22,38,10,36,18,2011-01-01,7.0,5.0,0.0,40.0,6.0,0.0,3.0,13580.0,2123.0,101.0,769.0,1955.0
37,AFC Bournemouth,2015/2016,5,6,-22,67,45,9,18,38,11,42,16,2015-01-01,11.0,3.0,0.0,39.0,6.0,0.0,7.0,17270.0,2484.0,33.0,749.0,2541.0
38,AFC Bournemouth,2016/2017,9,3,-12,67,55,10,16,38,12,46,9,2016-01-01,5.0,7.0,0.0,51.0,5.0,2.0,10.0,17152.0,2461.0,51.0,628.0,2651.0
39,Burnley,2009/2010,7,1,-40,82,42,6,24,38,8,30,18,2009-01-01,6.0,6.0,2.0,38.0,4.0,2.0,3.0,13591.0,2348.0,83.0,825.0,2453.4714285714285
40,Burnley,2014/2015,4,3,-25,53,28,12,19,38,7,33,19,2014-01-01,8.0,1.0,1.0,24.0,4.0,0.0,10.0,13632.0,3021.0,17.0,783.0,1891.0
41,Burnley,2016/2017,10,1,-16,55,39,7,20,38,11,40,16,2016-01-01,4.0,6.0,3.0,31.0,8.0,2.0,10.0,12558.0,3176.0,21.0,650.0,1888.0
42,Cardiff City,2013/2014,5,2,-42,74,32,9,22,38,7,30,20,2013-01-01,9.0,1.0,0.0,28.0,4.0,0.0,7.0,14007.0,2047.0,35.0,792.0,2195.0
43,Charlton Athletic,2006/2007,7,1,-26,60,34,10,20,38,8,34,19,2006-01-01,6.0,4.0,1.0,27.0,7.0,2.0,11.0,12722.0,2466.0,86.645,750.0,2453.4714285714285
44,Chelsea,2006/2007,12,12,40,24,64,11,3,38,24,83,2,2006-01-01,16.0,3.0,6.0,41.0,23.0,6.0,22.0,16759.0,2270.0,86.645,897.0,2453.4714285714285
45,Chelsea,2007/2008,12,13,39,26,65,10,3,38,25,85,2,2007-01-01,10.0,7.0,1.0,52.0,13.0,3.0,21.0,17252.0,2154.0,91.0,945.0,2453.4714285714285
46,Chelsea,2008/2009,11,14,44,24,68,8,5,38,25,83,3,2008-01-01,12.0,2.0,2.0,59.0,9.0,4.0,22.0,19923.0,2121.0,205.0,938.0,2453.4714285714285
47,Chelsea,2009/2010,17,10,71,32,103,5,6,38,27,86,1,2009-01-01,16.0,11.0,3.0,94.0,9.0,8.0,18.0,18852.0,2071.0,268.0,1083.0,2453.4714285714285
48,Chelsea,2010/2011,14,7,36,33,69,8,9,38,21,71,2,2010-01-01,12.0,6.0,2.0,61.0,8.0,4.0,15.0,19236.0,2044.0,252.0,995.0,2465.0
49,Chelsea,2011/2012,12,6,19,46,65,10,10,38,18,64,6,2011-01-01,12.0,4.0,0.0,60.0,5.0,2.0,10.0,18766.0,2021.0,158.0,972.0,2886.0
50,Chelsea,2012/2013,12,10,36,39,75,9,7,38,22,75,3,2012-01-01,16.0,9.0,3.0,64.0,11.0,3.0,14.0,18425.0,2008.0,52.0,863.0,2790.0
51,Chelsea,2013/2014,15,10,44,27,71,7,6,38,25,82,3,2013-01-01,6.0,5.0,2.0,54.0,17.0,5.0,18.0,18266.0,2052.0,53.0,809.0,2800.0
52,Chelsea,2014/2015,15,11,41,32,73,9,3,38,26,87,1,2014-01-01,10.0,4.0,1.0,66.0,7.0,1.0,17.0,20268.0,2276.0,73.0,682.0,3259.0
53,Chelsea,2015/2016,5,7,6,53,59,14,12,38,12,50,10,2015-01-01,6.0,4.0,4.0,48.0,11.0,1.0,9.0,19664.0,2312.0,74.0,732.0,2933.0
54,Chelsea,2016/2017,17,13,52,33,85,3,5,38,30,93,1,2016-01-01,8.0,2.0,3.0,73.0,12.0,7.0,16.0,20125.0,2399.0,103.0,688.0,2967.0
55,Crystal Palace,2013/2014,8,5,-15,48,33,6,19,38,13,45,11,2013-01-01,6.0,5.0,1.0,28.0,5.0,2.0,12.0,11792.0,1904.0,19.0,706.0,1752.0
56,Crystal Palace,2014/2015,6,7,-4,51,47,9,16,38,13,48,10,2014-01-01,10.0,5.0,4.0,41.0,6.0,0.0,7.0,12071.0,2609.0,22.0,834.0,1732.0
57,Crystal Palace,2015/2016,6,5,-12,51,39,9,18,38,11,42,15,2015-01-01,7.0,4.0,1.0,33.0,6.0,0.0,8.0,13785.0,2759.0,16.0,969.0,2185.0
58,Crystal Palace,2016/2017,6,6,-13,63,50,5,21,38,12,41,14,2016-01-01,13.0,4.0,0.0,48.0,2.0,0.0,7.0,13542.0,2729.0,20.0,872.0,2108.0
59,Derby County,2007/2008,1,0,-69,89,20,8,29,38,1,11,20,2007-01-01,3.0,0.0,0.0,15.0,5.0,2.0,3.0,11739.0,2168.0,29.0,804.0,2453.4714285714285
60,Everton,2006/2007,11,4,16,36,52,13,10,38,15,58,6,2006-01-01,9.0,8.0,2.0,44.0,8.0,3.0,14.0,12274.0,2288.0,86.645,867.0,2453.4714285714285
61,Everton,2007/2008,11,8,22,33,55,8,11,38,19,65,5,2007-01-01,13.0,1.0,1.0,48.0,7.0,7.0,14.0,12397.0,2142.0,28.0,877.0,2453.4714285714285
62,Everton,2008/2009,8,9,18,37,55,12,9,38,17,63,5,2008-01-01,14.0,4.0,4.0,47.0,8.0,0.0,17.0,15024.0,2299.0,102.0,1022.0,2453.4714285714285
63,Everton,2009/2010,11,5,11,49,60,13,9,38,16,61,8,2009-01-01,16.0,5.0,2.0,52.0,8.0,2.0,11.0,14832.0,2335.0,115.0,1022.0,2453.4714285714285
64,Everton,2010/2011,9,4,6,45,51,15,10,38,13,54,7,2010-01-01,14.0,3.0,2.0,43.0,8.0,4.0,9.0,14371.0,2232.0,72.0,1019.0,2089.0
65,Everton,2011/2012,10,5,10,40,50,11,12,38,15,56,7,2011-01-01,9.0,5.0,1.0,42.0,8.0,1.0,12.0,15063.0,2048.0,67.0,877.0,2108.0
66,Everton,2012/2013,12,4,15,40,55,15,7,38,16,63,6,2012-01-01,13.0,2.0,1.0,44.0,11.0,4.0,11.0,15829.0,2055.0,54.0,989.0,2271.0
67,Everton,2013/2014,13,8,22,39,61,9,8,38,21,72,5,2013-01-01,6.0,3.0,5.0,49.0,12.0,3.0,15.0,18301.0,2239.0,49.0,848.0,2871.0
68,Everton,2014/2015,7,5,-2,50,48,11,15,38,12,47,11,2014-01-01,10.0,4.0,1.0,40.0,8.0,5.0,10.0,18809.0,2563.0,64.0,690.0,2908.0
69,Everton,2015/2016,6,5,4,55,59,14,13,38,11,47,11,2015-01-01,10.0,4.0,0.0,53.0,6.0,2.0,10.0,17947.0,2742.0,57.0,782.0,2699.0
70,Everton,2016/2017,13,4,18,44,62,10,11,38,17,61,7,2016-01-01,13.0,3.0,2.0,59.0,3.0,2.0,13.0,17586.0,2968.0,38.0,767.0,2744.0
71,Fulham,2006/2007,7,1,-22,60,38,15,15,38,8,39,16,2006-01-01,8.0,3.0,1.0,30.0,8.0,0.0,7.0,11820.0,2214.0,86.645,895.0,2453.4714285714285
72,Fulham,2007/2008,5,3,-22,60,38,12,18,38,8,36,17,2007-01-01,7.0,2.0,4.0,29.0,9.0,3.0,7.0,12576.0,2311.0,29.0,849.0,2453.4714285714285
73,Fulham,2008/2009,11,3,5,34,39,11,13,38,14,53,7,2008-01-01,2.0,5.0,0.0,33.0,6.0,5.0,15.0,16100.0,2297.0,151.0,765.0,2453.4714285714285
74,Fulham,2009/2010,11,1,-7,46,39,10,16,38,12,46,12,2009-01-01,4.0,4.0,2.0,30.0,9.0,0.0,12.0,16505.0,2104.0,112.0,727.0,2453.4714285714285
75,Fulham,2010/2011,8,3,6,43,49,16,11,38,11,49,8,2010-01-01,15.0,2.0,2.0,42.0,7.0,2.0,14.0,16345.0,2059.0,119.0,865.0,2563.0
76,Fulham,2011/2012,10,4,-3,51,48,10,14,38,14,52,9,2011-01-01,7.0,3.0,2.0,42.0,6.0,3.0,11.0,17669.0,2004.0,64.0,649.0,3004.0
77,Fulham,2012/2013,7,4,-10,60,50,10,17,38,11,43,12,2012-01-01,10.0,6.0,1.0,43.0,7.0,2.0,8.0,16940.0,2131.0,40.0,733.0,2887.0
78,Fulham,2013/2014,5,4,-45,85,40,5,24,38,9,32,19,2013-01-01,7.0,2.0,1.0,31.0,9.0,1.0,5.0,14674.0,2180.0,32.0,708.0,2329.0
79,Hull City,2008/2009,3,5,-25,64,39,11,19,38,8,35,17,2008-01-01,13.0,3.0,3.0,33.0,6.0,5.0,6.0,11809.0,2363.0,83.0,930.0,2453.4714285714285
80,Hull City,2009/2010,6,0,-41,75,34,12,20,38,6,30,19,2009-01-01,8.0,6.0,2.0,27.0,7.0,1.0,7.0,11731.0,2128.0,46.0,753.0,2453.4714285714285
81,Hull City,2013/2014,7,3,-15,53,38,7,21,38,10,37,16,2013-01-01,10.0,2.0,1.0,30.0,8.0,2.0,10.0,15267.0,2181.0,22.0,853.0,2431.0
82,Hull City,2014/2015,5,3,-18,51,33,11,19,38,8,35,18,2014-01-01,10.0,1.0,0.0,30.0,3.0,2.0,10.0,14864.0,2726.0,21.0,804.0,2237.0
83,Hull City,2016/2017,8,1,-43,80,37,7,22,38,9,34,18,2016-01-01,5.0,3.0,2.0,33.0,4.0,3.0,5.0,15596.0,2650.0,41.0,739.0,2487.0
84,Leicester City,2014/2015,7,4,-9,55,46,8,19,38,11,41,14,2014-01-01,7.0,3.0,0.0,38.0,8.0,3.0,10.0,13343.0,2706.0,22.0,912.0,1985.0
85,Leicester City,2015/2016,12,11,32,36,68,12,3,38,23,81,1,2015-01-01,11.0,10.0,0.0,65.0,3.0,6.0,15.0,13370.0,2695.0,54.0,762.0,1970.0
86,Leicester City,2016/2017,10,2,-15,63,48,8,18,38,12,44,12,2016-01-01,10.0,4.0,1.0,39.0,9.0,4.0,9.0,13671.0,2792.0,25.0,731.0,1916.0
87,Liverpool,2006/2007,14,6,30,27,57,8,10,38,20,68,3,2006-01-01,8.0,6.0,1.0,46.0,11.0,3.0,20.0,17154.0,2800.0,86.645,1107.0,2453.4714285714285
88,Liverpool,2007/2008,12,9,39,28,67,13,4,38,21,76,4,2007-01-01,7.0,5.0,2.0,51.0,16.0,7.0,18.0,16360.0,2761.0,57.0,932.0,2453.4714285714285
89,Liverpool,2008/2009,12,13,50,27,77,11,2,38,25,86,2,2008-01-01,14.0,5.0,2.0,65.0,12.0,4.0,20.0,19505.0,2714.0,192.0,1021.0,2453.4714285714285
90,Liverpool,2009/2010,13,5,26,35,61,9,11,38,18,63,7,2009-01-01,6.0,3.0,0.0,53.0,8.0,4.0,17.0,18575.0,2454.0,142.0,1017.0,2453.4714285714285
91,Liverpool,2010/2011,12,5,15,44,59,7,14,38,17,58,6,2010-01-01,8.0,6.0,1.0,54.0,5.0,3.0,14.0,16728.0,2038.0,148.0,824.0,2500.0
92,Liverpool,2011/2012,6,8,7,40,47,10,14,38,14,52,8,2011-01-01,8.0,1.0,2.0,40.0,7.0,3.0,12.0,18797.0,2260.0,105.0,1103.0,2991.0
93,Liverpool,2012/2013,9,7,28,43,71,13,9,38,16,61,7,2012-01-01,9.0,5.0,3.0,59.0,12.0,1.0,16.0,19802.0,2040.0,101.0,794.0,3004.0
94,Liverpool,2013/2014,16,10,51,50,101,6,6,38,26,84,2,2013-01-01,14.0,10.0,6.0,82.0,19.0,9.0,10.0,19599.0,1895.0,191.0,643.0,2959.0
95,Liverpool,2014/2015,10,8,4,48,52,8,12,38,18,62,6,2014-01-01,5.0,5.0,1.0,44.0,8.0,2.0,14.0,19374.0,2151.0,103.0,638.0,2787.0
96,Liverpool,2015/2016,8,8,13,50,63,12,10,38,16,60,8,2015-01-01,12.0,2.0,1.0,48.0,15.0,1.0,11.0,19733.0,2370.0,75.0,780.0,2842.0
97,Liverpool,2016/2017,12,10,36,42,78,10,6,38,22,76,4,2016-01-01,12.0,7.0,3.0,65.0,13.0,3.0,12.0,22290.0,2565.0,57.0,812.0,3291.0
98,Manchester City,2006/2007,5,6,-15,44,29,9,18,38,11,42,14,2006-01-01,3.0,2.0,0.0,23.0,6.0,5.0,14.0,12765.0,2059.0,86.645,811.0,2453.4714285714285
99,Manchester City,2007/2008,11,4,-8,53,45,10,13,38,15,55,9,2007-01-01,5.0,2.0,2.0,34.0,11.0,3.0,11.0,15149.0,2289.0,45.0,695.0,2453.4714285714285
100,Manchester City,2008/2009,13,2,8,50,58,5,18,38,15,50,10,2008-01-01,3.0,6.0,2.0,52.0,6.0,8.0,10.0,15971.0,2229.0,187.0,690.0,2453.4714285714285
101,Manchester City,2009/2010,12,6,28,45,73,13,7,38,18,67,5,2009-01-01,9.0,5.0,3.0,63.0,10.0,10.0,11.0,16323.0,2335.0,203.0,809.0,2453.4714285714285
102,Manchester City,2010/2011,13,8,27,33,60,8,9,38,21,71,3,2010-01-01,4.0,8.0,2.0,51.0,9.0,2.0,18.0,17768.0,1721.0,170.0,762.0,2469.0
103,Manchester City,2011/2012,18,10,64,29,93,5,5,38,28,89,1,2011-01-01,10.0,7.0,1.0,73.0,20.0,6.0,17.0,20863.0,1734.0,321.0,843.0,2937.0
104,Manchester City,2012/2013,14,9,32,34,66,9,6,38,23,78,2,2012-01-01,6.0,4.0,2.0,57.0,9.0,6.0,18.0,20061.0,1613.0,161.0,860.0,2720.0
105,Manchester City,2013/2014,17,10,65,37,102,5,6,38,27,86,1,2013-01-01,10.0,6.0,5.0,86.0,16.0,5.0,16.0,20761.0,1791.0,120.0,892.0,3195.0
106,Manchester City,2014/2015,14,10,45,38,83,7,7,38,24,79,2,2014-01-01,5.0,7.0,3.0,68.0,15.0,9.0,14.0,22107.0,1937.0,115.0,795.0,3140.0
107,Manchester City,2015/2016,12,7,30,41,71,9,10,38,19,66,4,2015-01-01,13.0,5.0,0.0,57.0,14.0,5.0,16.0,20488.0,2082.0,84.0,866.0,2895.0
108,Manchester City,2016/2017,11,12,41,39,80,9,6,38,23,78,3,2016-01-01,8.0,7.0,2.0,73.0,7.0,6.0,12.0,22706.0,1997.0,124.0,801.0,3534.0
109,Manchester United,2006/2007,15,13,56,27,83,5,5,38,28,89,1,2006-01-01,12.0,5.0,1.0,72.0,11.0,9.0,16.0,18723.0,2397.0,86.645,918.0,2453.4714285714285
110,Manchester United,2007/2008,17,10,58,22,80,6,5,38,27,87,1,2007-01-01,12.0,6.0,6.0,64.0,16.0,7.0,21.0,17422.0,2417.0,90.0,936.0,2453.4714285714285
111,Manchester United,2008/2009,16,12,44,24,68,6,4,38,28,90,1,2008-01-01,7.0,4.0,4.0,56.0,12.0,12.0,24.0,19416.0,2192.0,291.0,1039.0,2453.4714285714285
112,Manchester United,2009/2010,16,11,58,28,86,4,7,38,27,85,2,2009-01-01,14.0,6.0,3.0,77.0,9.0,6.0,19.0,19318.0,2205.0,243.0,1156.0,2453.4714285714285
113,Manchester United,2010/2011,18,5,41,37,78,11,4,38,23,80,1,2010-01-01,18.0,3.0,1.0,71.0,7.0,5.0,15.0,18870.0,2279.0,212.0,1005.0,2411.0
114,Manchester United,2011/2012,15,13,56,33,89,5,5,38,28,89,2,2011-01-01,16.0,9.0,2.0,74.0,15.0,2.0,20.0,20184.0,2189.0,103.0,1018.0,2765.0
115,Manchester United,2012/2013,16,12,43,43,86,5,5,38,28,89,1,2012-01-01,14.0,4.0,1.0,77.0,9.0,2.0,13.0,19696.0,1973.0,103.0,962.0,2727.0
116,Manchester United,2013/2014,9,10,21,43,64,7,12,38,19,64,7,2013-01-01,10.0,5.0,5.0,53.0,11.0,1.0,13.0,18894.0,2077.0,61.0,1000.0,2898.0
117,Manchester United,2014/2015,14,6,25,37,62,10,8,38,20,70,4,2014-01-01,12.0,3.0,2.0,55.0,7.0,2.0,11.0,21311.0,2969.0,89.0,908.0,3457.0
118,Manchester United,2015/2016,12,7,14,35,49,9,10,38,19,66,5,2015-01-01,5.0,3.0,1.0,44.0,5.0,2.0,18.0,20070.0,2649.0,43.0,786.0,3221.0
119,Manchester United,2016/2017,8,10,25,29,54,15,5,38,18,69,6,2016-01-01,9.0,3.0,1.0,47.0,7.0,5.0,17.0,20245.0,2424.0,99.0,848.0,3177.0
120,Middlesbrough,2006/2007,10,2,-5,49,44,10,16,38,12,46,12,2006-01-01,7.0,4.0,1.0,37.0,7.0,3.0,9.0,12779.0,2403.0,86.645,769.0,2453.4714285714285
121,Middlesbrough,2007/2008,7,3,-10,53,43,12,16,38,10,42,13,2007-01-01,9.0,2.0,2.0,37.0,6.0,6.0,8.0,12200.0,2341.0,48.0,960.0,2453.4714285714285
122,Middlesbrough,2008/2009,5,2,-29,57,28,11,20,38,7,32,19,2008-01-01,1.0,1.0,2.0,25.0,3.0,0.0,7.0,13124.0,2130.0,124.0,983.0,2453.4714285714285
123,Middlesbrough,2016/2017,4,1,-26,53,27,13,20,38,5,28,19,2016-01-01,8.0,2.0,0.0,26.0,1.0,3.0,11.0,15736.0,2856.0,37.0,722.0,2448.0
124,Newcastle United,2006/2007,7,4,-9,47,38,10,17,38,11,43,13,2006-01-01,8.0,5.0,0.0,30.0,8.0,6.0,7.0,14628.0,2649.0,86.645,793.0,2453.4714285714285
125,Newcastle United,2007/2008,8,3,-20,65,45,10,17,38,11,43,12,2007-01-01,10.0,4.0,2.0,34.0,10.0,1.0,8.0,13947.0,2420.0,31.0,966.0,2453.4714285714285
126,Newcastle United,2008/2009,5,2,-19,59,40,13,18,38,7,34,18,2008-01-01,10.0,4.0,0.0,38.0,2.0,2.0,7.0,14172.0,2300.0,148.0,895.0,2453.4714285714285
127,Newcastle United,2010/2011,6,5,-1,57,56,13,14,38,11,46,12,2010-01-01,15.0,5.0,0.0,50.0,6.0,1.0,9.0,14194.0,2104.0,95.0,1022.0,2041.0
128,Newcastle United,2011/2012,11,8,5,51,56,8,11,38,19,65,5,2011-01-01,6.0,2.0,3.0,44.0,12.0,4.0,15.0,14638.0,2130.0,97.0,730.0,2384.0
129,Newcastle United,2012/2013,9,2,-23,68,45,8,19,38,11,41,16,2012-01-01,6.0,4.0,3.0,34.0,11.0,2.0,6.0,14599.0,2285.0,84.0,941.0,2364.0
130,Newcastle United,2013/2014,8,7,-16,59,43,4,19,38,15,49,10,2013-01-01,8.0,2.0,1.0,35.0,8.0,3.0,10.0,16087.0,1810.0,131.0,787.0,2424.0
131,Newcastle United,2014/2015,7,3,-23,63,40,9,19,38,10,39,15,2014-01-01,7.0,1.0,0.0,34.0,6.0,1.0,8.0,15019.0,2378.0,57.0,864.0,2320.0
132,Newcastle United,2015/2016,7,2,-21,65,44,10,19,38,9,37,18,2015-01-01,12.0,3.0,1.0,38.0,6.0,4.0,8.0,15118.0,2578.0,28.0,775.0,2357.0
133,Norwich City,2011/2012,7,5,-14,66,52,11,15,38,12,47,12,2011-01-01,15.0,2.0,1.0,47.0,5.0,4.0,3.0,15165.0,2430.0,51.0,863.0,2420.0
134,Norwich City,2012/2013,8,2,-17,58,41,14,14,38,10,44,11,2012-01-01,13.0,1.0,4.0,36.0,5.0,0.0,10.0,13403.0,1994.0,47.0,837.0,2178.0
135,Norwich City,2013/2014,6,2,-34,62,28,9,21,38,8,33,18,2013-01-01,7.0,1.0,1.0,19.0,9.0,1.0,12.0,14747.0,2105.0,58.0,818.0,2264.0
136,Norwich City,2015/2016,6,3,-28,67,39,7,22,38,9,34,19,2015-01-01,3.0,1.0,0.0,33.0,6.0,0.0,5.0,14483.0,2722.0,17.0,818.0,2124.0
137,Portsmouth,2006/2007,11,3,3,42,45,12,12,38,14,54,9,2006-01-01,13.0,2.0,0.0,32.0,13.0,2.0,12.0,12616.0,2276.0,86.645,783.0,2453.4714285714285
138,Portsmouth,2007/2008,7,9,8,40,48,9,13,38,16,57,8,2007-01-01,4.0,4.0,2.0,35.0,13.0,6.0,16.0,12794.0,2278.0,37.0,663.0,2453.4714285714285
139,Portsmouth,2008/2009,8,2,-19,57,38,11,17,38,10,41,14,2008-01-01,10.0,2.0,1.0,32.0,6.0,2.0,8.0,14497.0,2379.0,142.0,852.0,2453.4714285714285
140,Portsmouth,2009/2010,5,2,-32,66,34,7,24,38,7,19,20,2009-01-01,7.0,3.0,1.0,31.0,3.0,2.0,7.0,13509.0,1977.0,95.0,818.0,2453.4714285714285
141,Queens Park Rangers,2011/2012,7,3,-23,66,43,7,21,38,10,37,17,2011-01-01,10.0,2.0,3.0,36.0,7.0,0.0,7.0,13383.0,2149.0,42.0,796.0,2005.0
142,Queens Park Rangers,2012/2013,2,2,-30,60,30,13,21,38,4,25,20,2012-01-01,4.0,1.0,0.0,18.0,12.0,3.0,7.0,13632.0,1800.0,50.0,683.0,1925.0
143,Queens Park Rangers,2014/2015,6,2,-31,73,42,6,24,38,8,30,20,2014-01-01,10.0,3.0,1.0,34.0,8.0,1.0,6.0,13659.0,3004.0,17.0,756.0,1922.0
144,Reading,2006/2007,11,5,5,47,52,7,15,38,16,55,8,2006-01-01,15.0,3.0,0.0,42.0,10.0,3.0,13.0,11232.0,2378.0,86.645,1067.0,2453.4714285714285
145,Reading,2007/2008,8,2,-25,66,41,6,22,38,10,36,18,2007-01-01,12.0,2.0,1.0,35.0,6.0,3.0,8.0,10431.0,2199.0,45.0,1087.0,2453.4714285714285
146,Reading,2012/2013,4,2,-30,73,43,10,22,38,6,28,19,2012-01-01,12.0,4.0,1.0,39.0,4.0,2.0,5.0,11806.0,1855.0,38.0,1009.0,1760.0
147,Sheffield United,2006/2007,7,3,-23,55,32,8,20,38,10,38,18,2006-01-01,10.0,2.0,2.0,25.0,7.0,2.0,9.0,11123.0,2248.0,86.645,800.0,2453.4714285714285
148,Southampton,2012/2013,6,3,-11,60,49,14,15,38,9,41,14,2012-01-01,9.0,3.0,2.0,45.0,4.0,2.0,7.0,16810.0,1826.0,247.0,917.0,2578.0
149,Southampton,2013/2014,8,7,8,46,54,11,12,38,15,56,8,2013-01-01,10.0,3.0,2.0,46.0,8.0,2.0,15.0,19577.0,2401.0,80.0,877.0,3121.0
150,Southampton,2014/2015,11,7,21,33,54,6,14,38,18,60,7,2014-01-01,3.0,2.0,0.0,50.0,4.0,0.0,15.0,18184.0,2729.0,38.0,952.0,2850.0
151,Southampton,2015/2016,11,7,18,41,59,9,11,38,18,63,6,2015-01-01,15.0,3.0,1.0,53.0,6.0,3.0,12.0,15913.0,2509.0,46.0,956.0,2385.0
152,Southampton,2016/2017,6,6,-7,48,41,10,16,38,12,46,8,2016-01-01,4.0,3.0,0.0,37.0,4.0,0.0,14.0,18245.0,2336.0,57.0,947.0,2784.0
153,Stoke City,2008/2009,10,2,-17,55,38,9,17,38,12,45,12,2008-01-01,14.0,5.0,0.0,35.0,3.0,1.0,12.0,9478.0,2171.0,66.0,697.0,2453.4714285714285
154,Stoke City,2009/2010,7,4,-14,48,34,14,13,38,11,47,11,2009-01-01,9.0,2.0,0.0,32.0,2.0,1.0,14.0,10307.0,2176.0,61.0,661.0,2453.4714285714285
155,Stoke City,2010/2011,10,3,-2,48,46,7,18,38,13,46,13,2010-01-01,11.0,3.0,2.0,42.0,4.0,4.0,9.0,10349.0,2062.0,58.0,766.0,1382.0
156,Stoke City,2011/2012,7,4,-17,53,36,12,15,38,11,45,14,2011-01-01,14.0,4.0,0.0,33.0,3.0,1.0,9.0,10831.0,2194.0,23.0,826.0,1699.0
157,Stoke City,2012/2013,7,2,-11,45,34,15,14,38,9,42,13,2012-01-01,9.0,3.0,0.0,33.0,1.0,1.0,12.0,12287.0,1989.0,32.0,855.0,1838.0
158,Stoke City,2013/2014,10,3,-7,52,45,11,14,38,13,50,9,2013-01-01,2.0,4.0,2.0,31.0,14.0,3.0,9.0,15324.0,1970.0,40.0,731.0,2453.0
159,Stoke City,2014/2015,10,5,3,45,48,9,14,38,15,54,9,2014-01-01,14.0,3.0,0.0,41.0,7.0,1.0,9.0,15386.0,2429.0,12.0,887.0,2317.0
160,Stoke City,2015/2016,8,6,-14,55,41,9,15,38,14,51,9,2015-01-01,9.0,5.0,0.0,33.0,8.0,0.0,10.0,16342.0,2379.0,60.0,683.0,2440.0
161,Stoke City,2016/2017,7,4,-15,56,41,11,16,38,11,44,13,2016-01-01,7.0,4.0,2.0,36.0,5.0,0.0,11.0,14558.0,2507.0,54.0,718.0,2170.0
162,Sunderland,2007/2008,9,2,-24,60,36,6,21,38,11,39,15,2007-01-01,10.0,1.0,0.0,31.0,5.0,2.0,7.0,12727.0,2244.0,19.0,889.0,2453.4714285714285
163,Sunderland,2008/2009,6,3,-20,54,34,9,20,38,9,36,16,2008-01-01,8.0,1.0,1.0,27.0,7.0,4.0,9.0,14144.0,2126.0,122.0,985.0,2453.4714285714285
164,Sunderland,2009/2010,9,2,-8,56,48,11,16,38,11,44,13,2009-01-01,10.0,6.0,1.0,44.0,4.0,6.0,7.0,12489.0,2265.0,136.0,884.0,2453.4714285714285
165,Sunderland,2010/2011,7,5,-11,56,45,11,15,38,12,47,10,2010-01-01,7.0,4.0,1.0,40.0,5.0,2.0,13.0,14166.0,2220.0,129.0,863.0,2072.0
166,Sunderland,2011/2012,7,4,-1,46,45,12,15,38,11,45,13,2011-01-01,8.0,1.0,5.0,32.0,13.0,3.0,12.0,13913.0,2135.0,45.0,864.0,2159.0
167,Sunderland,2012/2013,5,4,-13,54,41,12,17,38,9,39,17,2012-01-01,2.0,4.0,1.0,33.0,8.0,3.0,11.0,13109.0,1952.0,52.0,868.0,1984.0
168,Sunderland,2013/2014,5,5,-19,60,41,8,20,38,10,38,14,2013-01-01,7.0,6.0,1.0,37.0,4.0,4.0,11.0,14457.0,2092.0,41.0,749.0,2254.0
169,Sunderland,2014/2015,4,3,-22,53,31,17,14,38,7,38,16,2014-01-01,8.0,4.0,2.0,25.0,6.0,2.0,13.0,14451.0,2484.0,40.0,687.0,2290.0
170,Sunderland,2015/2016,6,3,-14,62,48,12,17,38,9,39,17,2015-01-01,2.0,3.0,4.0,40.0,8.0,2.0,7.0,12799.0,2635.0,57.0,589.0,1841.0
171,Sunderland,2016/2017,3,3,-40,69,29,6,26,38,6,24,20,2016-01-01,1.0,5.0,0.0,26.0,3.0,0.0,6.0,12359.0,2592.0,38.0,616.0,1880.0
172,Swansea City,2011/2012,8,4,-7,51,44,11,15,38,12,47,11,2011-01-01,7.0,5.0,1.0,36.0,8.0,1.0,14.0,20795.0,2121.0,105.0,721.0,3726.0
173,Swansea City,2012/2013,6,5,-4,51,47,13,14,38,11,46,9,2012-01-01,7.0,0.0,1.0,41.0,6.0,2.0,10.0,19943.0,2024.0,79.0,790.0,3599.0
174,Swansea City,2013/2014,6,5,0,54,54,9,18,38,11,42,12,2013-01-01,9.0,4.0,0.0,45.0,9.0,0.0,8.0,21113.0,2126.0,49.0,902.0,3312.0
175,Swansea City,2014/2015,9,7,-3,49,46,8,14,38,16,56,8,2014-01-01,5.0,2.0,2.0,38.0,8.0,1.0,13.0,17877.0,2291.0,56.0,634.0,2918.0
176,Swansea City,2015/2016,8,4,-10,52,42,11,15,38,12,47,12,2015-01-01,6.0,5.0,3.0,35.0,7.0,3.0,9.0,18169.0,2416.0,46.0,725.0,2796.0
177,Swansea City,2016/2017,8,4,-25,70,45,5,21,38,12,41,15,2016-01-01,15.0,3.0,2.0,40.0,5.0,1.0,8.0,16131.0,2579.0,15.0,864.0,2495.0
178,Tottenham Hotspur,2006/2007,12,5,3,54,57,9,12,38,17,60,5,2006-01-01,5.0,6.0,2.0,44.0,13.0,9.0,6.0,14914.0,2408.0,86.645,796.0,2453.4714285714285
179,Tottenham Hotspur,2007/2008,8,3,5,61,66,13,14,38,11,46,11,2007-01-01,12.0,4.0,1.0,59.0,7.0,9.0,9.0,15466.0,2428.0,56.0,994.0,2453.4714285714285
180,Tottenham Hotspur,2008/2009,10,4,0,45,45,9,15,38,14,51,8,2008-01-01,5.0,3.0,0.0,39.0,6.0,7.0,13.0,15723.0,2099.0,170.0,1005.0,2453.4714285714285
181,Tottenham Hotspur,2009/2010,14,7,26,41,67,7,10,38,21,70,4,2009-01-01,12.0,2.0,2.0,59.0,8.0,6.0,13.0,15474.0,2535.0,122.0,912.0,2453.4714285714285
182,Tottenham Hotspur,2010/2011,9,7,9,46,55,14,8,38,16,62,5,2010-01-01,10.0,5.0,0.0,40.0,15.0,3.0,8.0,16791.0,2407.0,111.0,954.0,2142.0
183,Tottenham Hotspur,2011/2012,13,7,25,41,66,9,9,38,20,69,4,2011-01-01,5.0,4.0,1.0,52.0,14.0,5.0,14.0,19564.0,2323.0,164.0,846.0,2944.0
184,Tottenham Hotspur,2012/2013,11,10,20,46,66,9,8,38,21,72,5,2012-01-01,6.0,0.0,2.0,50.0,16.0,6.0,9.0,16647.0,2028.0,101.0,884.0,2542.0
185,Tottenham Hotspur,2013/2014,11,10,4,51,55,6,11,38,21,69,6,2013-01-01,6.0,5.0,2.0,45.0,10.0,4.0,14.0,17933.0,2121.0,41.0,849.0,2596.0
186,Tottenham Hotspur,2014/2015,10,9,5,53,58,7,12,38,19,64,5,2014-01-01,8.0,3.0,4.0,47.0,11.0,2.0,9.0,19322.0,2357.0,69.0,742.0,2604.0
187,Tottenham Hotspur,2015/2016,10,9,34,35,69,13,6,38,19,70,3,2015-01-01,7.0,5.0,2.0,59.0,10.0,3.0,13.0,18649.0,2554.0,64.0,738.0,2708.0
188,Tottenham Hotspur,2016/2017,17,9,60,26,86,8,4,38,26,86,2,2016-01-01,10.0,7.0,0.0,74.0,12.0,3.0,17.0,20150.0,2662.0,45.0,761.0,3130.0
189,Watford,2006/2007,3,2,-30,59,29,13,20,38,5,28,20,2006-01-01,4.0,3.0,0.0,24.0,5.0,0.0,9.0,10175.0,2263.0,86.645,983.0,2453.4714285714285
190,Watford,2015/2016,6,6,-10,50,40,9,17,38,12,45,13,2015-01-01,5.0,6.0,1.0,37.0,3.0,0.0,11.0,14530.0,2939.0,29.0,704.0,2164.0
191,Watford,2016/2017,8,3,-28,68,40,7,20,38,11,40,17,2016-01-01,9.0,3.0,0.0,36.0,4.0,0.0,7.0,14049.0,2600.0,22.0,686.0,2200.0
192,West Bromwich Albion,2008/2009,7,1,-31,67,36,8,22,38,8,32,20,2008-01-01,4.0,3.0,3.0,31.0,5.0,5.0,8.0,14518.0,2311.0,178.0,962.0,2453.4714285714285
193,West Bromwich Albion,2010/2011,8,4,-15,71,56,11,15,38,12,47,11,2010-01-01,10.0,4.0,1.0,50.0,6.0,3.0,2.0,14252.0,2286.0,101.0,807.0,2138.0
194,West Bromwich Albion,2011/2012,6,7,-7,52,45,8,17,38,13,47,10,2011-01-01,9.0,1.0,2.0,35.0,10.0,3.0,10.0,14691.0,1776.0,69.0,783.0,2094.0
195,West Bromwich Albion,2012/2013,9,5,-4,57,53,7,17,38,14,49,8,2012-01-01,13.0,5.0,0.0,46.0,7.0,5.0,8.0,14367.0,1896.0,30.0,778.0,2123.0
196,West Bromwich Albion,2013/2014,4,3,-16,59,43,15,16,38,7,36,17,2013-01-01,6.0,2.0,0.0,35.0,8.0,1.0,7.0,14704.0,1942.0,41.0,834.0,2036.0
197,West Bromwich Albion,2014/2015,7,4,-13,51,38,11,16,38,11,44,13,2014-01-01,16.0,4.0,0.0,35.0,3.0,1.0,16.0,14445.0,2732.0,56.0,712.0,2147.0
198,West Bromwich Albion,2015/2016,6,4,-14,48,34,13,15,38,10,43,14,2015-01-01,12.0,1.0,1.0,31.0,3.0,0.0,11.0,12262.0,2661.0,29.0,847.0,1638.0
199,West Bromwich Albion,2016/2017,9,3,-8,51,43,9,17,38,12,45,10,2016-01-01,16.0,1.0,1.0,37.0,6.0,3.0,6.0,11825.0,2653.0,37.0,766.0,1798.0
200,West Ham United,2006/2007,8,4,-24,59,35,5,21,38,12,41,15,2006-01-01,3.0,1.0,2.0,27.0,8.0,3.0,9.0,13178.0,2403.0,86.645,849.0,2453.4714285714285
201,West Ham United,2007/2008,7,6,-8,50,42,10,15,38,13,49,10,2007-01-01,7.0,2.0,2.0,34.0,8.0,3.0,8.0,13773.0,2376.0,39.0,910.0,2453.4714285714285
202,West Ham United,2008/2009,9,5,-3,45,42,9,15,38,14,51,9,2008-01-01,4.0,1.0,1.0,37.0,5.0,4.0,10.0,15316.0,1901.0,220.0,720.0,2453.4714285714285
203,West Ham United,2009/2010,7,1,-19,66,47,11,19,38,8,35,17,2009-01-01,13.0,7.0,1.0,41.0,6.0,0.0,8.0,14616.0,2197.0,164.0,689.0,2453.4714285714285
204,West Ham United,2010/2011,5,2,-27,70,43,12,19,38,7,33,20,2010-01-01,9.0,5.0,0.0,38.0,5.0,1.0,5.0,13367.0,2126.0,126.0,814.0,1903.0
205,West Ham United,2012/2013,9,3,-8,53,45,10,16,38,12,46,10,2012-01-01,9.0,4.0,2.0,38.0,7.0,2.0,11.0,12582.0,1910.0,26.0,1014.0,2111.0
206,West Ham United,2013/2014,7,4,-11,51,40,7,20,38,11,40,13,2013-01-01,5.0,2.0,1.0,36.0,4.0,2.0,14.0,12364.0,2061.0,34.0,951.0,2016.0
207,West Ham United,2014/2015,9,3,-3,47,44,11,15,38,12,47,12,2014-01-01,15.0,1.0,1.0,35.0,9.0,1.0,9.0,13568.0,2548.0,42.0,968.0,2180.0
208,West Ham United,2015/2016,9,7,14,51,65,14,8,38,16,62,7,2015-01-01,15.0,4.0,4.0,55.0,10.0,2.0,11.0,15031.0,2568.0,32.0,805.0,2236.0
209,West Ham United,2016/2017,7,5,-17,64,47,9,17,38,12,45,11,2016-01-01,14.0,3.0,3.0,41.0,6.0,3.0,10.0,15127.0,2622.0,37.0,752.0,2312.0
210,Wigan Athletic,2006/2007,5,5,-22,59,37,8,20,38,10,38,17,2006-01-01,6.0,3.0,1.0,31.0,6.0,2.0,10.0,11353.0,2418.0,86.645,813.0,2453.4714285714285
211,Wigan Athletic,2007/2008,8,2,-17,51,34,10,18,38,10,40,14,2007-01-01,6.0,4.0,1.0,28.0,6.0,3.0,12.0,11684.0,2163.0,27.0,767.0,2453.4714285714285
212,Wigan Athletic,2008/2009,8,4,-11,45,34,9,17,38,12,45,11,2008-01-01,3.0,5.0,2.0,29.0,5.0,2.0,13.0,12319.0,2226.0,139.0,943.0,2453.4714285714285
213,Wigan Athletic,2009/2010,6,3,-42,79,37,9,20,38,9,36,16,2009-01-01,10.0,1.0,2.0,32.0,5.0,1.0,8.0,14753.0,2607.0,126.0,681.0,2453.4714285714285
214,Wigan Athletic,2010/2011,5,4,-21,61,40,15,14,38,9,42,16,2010-01-01,3.0,2.0,5.0,32.0,8.0,5.0,7.0,15180.0,2217.0,111.0,620.0,2183.0
215,Wigan Athletic,2011/2012,5,6,-20,62,42,10,17,38,11,43,15,2011-01-01,6.0,5.0,1.0,29.0,13.0,2.0,8.0,15715.0,2154.0,55.0,744.0,2322.0
216,Wigan Athletic,2012/2013,4,5,-26,73,47,9,20,38,9,36,18,2012-01-01,9.0,1.0,2.0,42.0,5.0,3.0,5.0,17927.0,2048.0,54.0,813.0,2773.0
217,Wolverhampton Wanderers,2009/2010,5,4,-24,56,32,11,18,38,9,38,15,2009-01-01,6.0,2.0,0.0,29.0,3.0,0.0,8.0,13020.0,2307.0,60.0,940.0,2453.4714285714285
218,Wolverhampton Wanderers,2010/2011,8,3,-20,66,46,7,20,38,11,40,17,2010-01-01,10.0,3.0,1.0,41.0,5.0,1.0,5.0,14823.0,2350.0,82.0,1104.0,2256.0
219,Wolverhampton Wanderers,2011/2012,3,2,-42,82,40,10,23,38,5,25,20,2011-01-01,9.0,3.0,0.0,37.0,3.0,1.0,4.0,14860.0,2249.0,30.0,999.0,2538.0
0,West Bromwich Albion,2006/2007,,,,,,,,,,,NP,2006-01-01,,,,,,,,,,,,
1,Swansea City,2006/2007,,,,,,,,,,,NP,2006-01-01,,,,,,,,,,,,
2,Leicester City,2006/2007,,,,,,,,,,,NP,2006-01-01,,,,,,,,,,,,
3,Derby County,2006/2007,,,,,,,,,,,NP,2006-01-01,,,,,,,,,,,,
4,Wolverhampton Wanderers,2006/2007,,,,,,,,,,,NP,2006-01-01,,,,,,,,,,,,
5,Queens Park Rangers,2006/2007,,,,,,,,,,,NP,2006-01-01,,,,,,,,,,,,
6,AFC Bournemouth,2006/2007,,,,,,,,,,,NP,2006-01-01,,,,,,,,,,,,
7,Crystal Palace,2006/2007,,,,,,,,,,,NP,2006-01-01,,,,,,,,,,,,
8,Norwich City,2006/2007,,,,,,,,,,,NP,2006-01-01,,,,,,,,,,,,
9,Hull City,2006/2007,,,,,,,,,,,NP,2006-01-01,,,,,,,,,,,,
10,Blackpool,2006/2007,,,,,,,,,,,NP,2006-01-01,,,,,,,,,,,,
11,Cardiff City,2006/2007,,,,,,,,,,,NP,2006-01-01,,,,,,,,,,,,
12,Southampton,2006/2007,,,,,,,,,,,NP,2006-01-01,,,,,,,,,,,,
13,Sunderland,2006/2007,,,,,,,,,,,NP,2006-01-01,,,,,,,,,,,,
14,Stoke City,2006/2007,,,,,,,,,,,NP,2006-01-01,,,,,,,,,,,,
15,Birmingham City,2006/2007,,,,,,,,,,,NP,2006-01-01,,,,,,,,,,,,
16,Burnley,2006/2007,,,,,,,,,,,NP,2006-01-01,,,,,,,,,,,,
0,West Bromwich Albion,2007/2008,,,,,,,,,,,NP,2007-01-01,,,,,,,,,,,,
1,Swansea City,2007/2008,,,,,,,,,,,NP,2007-01-01,,,,,,,,,,,,
2,Leicester City,2007/2008,,,,,,,,,,,NP,2007-01-01,,,,,,,,,,,,
3,Charlton Athletic,2007/2008,,,,,,,,,,,NP,2007-01-01,,,,,,,,,,,,
4,Queens Park Rangers,2007/2008,,,,,,,,,,,NP,2007-01-01,,,,,,,,,,,,
5,Wolverhampton Wanderers,2007/2008,,,,,,,,,,,NP,2007-01-01,,,,,,,,,,,,
6,AFC Bournemouth,2007/2008,,,,,,,,,,,NP,2007-01-01,,,,,,,,,,,,
7,Crystal Palace,2007/2008,,,,,,,,,,,NP,2007-01-01,,,,,,,,,,,,
8,Norwich City,2007/2008,,,,,,,,,,,NP,2007-01-01,,,,,,,,,,,,
9,Hull City,2007/2008,,,,,,,,,,,NP,2007-01-01,,,,,,,,,,,,
10,Blackpool,2007/2008,,,,,,,,,,,NP,2007-01-01,,,,,,,,,,,,
11,Cardiff City,2007/2008,,,,,,,,,,,NP,2007-01-01,,,,,,,,,,,,
12,Southampton,2007/2008,,,,,,,,,,,NP,2007-01-01,,,,,,,,,,,,
13,Stoke City,2007/2008,,,,,,,,,,,NP,2007-01-01,,,,,,,,,,,,
14,Sheffield United,2007/2008,,,,,,,,,,,NP,2007-01-01,,,,,,,,,,,,
15,Watford,2007/2008,,,,,,,,,,,NP,2007-01-01,,,,,,,,,,,,
16,Burnley,2007/2008,,,,,,,,,,,NP,2007-01-01,,,,,,,,,,,,
0,Swansea City,2008/2009,,,,,,,,,,,NP,2008-01-01,,,,,,,,,,,,
1,Leicester City,2008/2009,,,,,,,,,,,NP,2008-01-01,,,,,,,,,,,,
2,Charlton Athletic,2008/2009,,,,,,,,,,,NP,2008-01-01,,,,,,,,,,,,
3,Derby County,2008/2009,,,,,,,,,,,NP,2008-01-01,,,,,,,,,,,,
4,Wolverhampton Wanderers,2008/2009,,,,,,,,,,,NP,2008-01-01,,,,,,,,,,,,
5,Queens Park Rangers,2008/2009,,,,,,,,,,,NP,2008-01-01,,,,,,,,,,,,
6,Reading,2008/2009,,,,,,,,,,,NP,2008-01-01,,,,,,,,,,,,
7,AFC Bournemouth,2008/2009,,,,,,,,,,,NP,2008-01-01,,,,,,,,,,,,
8,Crystal Palace,2008/2009,,,,,,,,,,,NP,2008-01-01,,,,,,,,,,,,
9,Norwich City,2008/2009,,,,,,,,,,,NP,2008-01-01,,,,,,,,,,,,
10,Blackpool,2008/2009,,,,,,,,,,,NP,2008-01-01,,,,,,,,,,,,
11,Cardiff City,2008/2009,,,,,,,,,,,NP,2008-01-01,,,,,,,,,,,,
12,Southampton,2008/2009,,,,,,,,,,,NP,2008-01-01,,,,,,,,,,,,
13,Sheffield United,2008/2009,,,,,,,,,,,NP,2008-01-01,,,,,,,,,,,,
14,Watford,2008/2009,,,,,,,,,,,NP,2008-01-01,,,,,,,,,,,,
15,Birmingham City,2008/2009,,,,,,,,,,,NP,2008-01-01,,,,,,,,,,,,
16,Burnley,2008/2009,,,,,,,,,,,NP,2008-01-01,,,,,,,,,,,,
0,West Bromwich Albion,2009/2010,,,,,,,,,,,NP,2009-01-01,,,,,,,,,,,,
1,Swansea City,2009/2010,,,,,,,,,,,NP,2009-01-01,,,,,,,,,,,,
2,Newcastle United,2009/2010,,,,,,,,,,,NP,2009-01-01,,,,,,,,,,,,
3,Leicester City,2009/2010,,,,,,,,,,,NP,2009-01-01,,,,,,,,,,,,
4,Charlton Athletic,2009/2010,,,,,,,,,,,NP,2009-01-01,,,,,,,,,,,,
5,Derby County,2009/2010,,,,,,,,,,,NP,2009-01-01,,,,,,,,,,,,
6,Queens Park Rangers,2009/2010,,,,,,,,,,,NP,2009-01-01,,,,,,,,,,,,
7,Reading,2009/2010,,,,,,,,,,,NP,2009-01-01,,,,,,,,,,,,
8,AFC Bournemouth,2009/2010,,,,,,,,,,,NP,2009-01-01,,,,,,,,,,,,
9,Crystal Palace,2009/2010,,,,,,,,,,,NP,2009-01-01,,,,,,,,,,,,
10,Norwich City,2009/2010,,,,,,,,,,,NP,2009-01-01,,,,,,,,,,,,
11,Blackpool,2009/2010,,,,,,,,,,,NP,2009-01-01,,,,,,,,,,,,
12,Cardiff City,2009/2010,,,,,,,,,,,NP,2009-01-01,,,,,,,,,,,,
13,Southampton,2009/2010,,,,,,,,,,,NP,2009-01-01,,,,,,,,,,,,
14,Middlesbrough,2009/2010,,,,,,,,,,,NP,2009-01-01,,,,,,,,,,,,
15,Sheffield United,2009/2010,,,,,,,,,,,NP,2009-01-01,,,,,,,,,,,,
16,Watford,2009/2010,,,,,,,,,,,NP,2009-01-01,,,,,,,,,,,,
0,Portsmouth,2010/2011,,,,,,,,,,,NP,2010-01-01,,,,,,,,,,,,
1,Swansea City,2010/2011,,,,,,,,,,,NP,2010-01-01,,,,,,,,,,,,
2,Leicester City,2010/2011,,,,,,,,,,,NP,2010-01-01,,,,,,,,,,,,
3,Charlton Athletic,2010/2011,,,,,,,,,,,NP,2010-01-01,,,,,,,,,,,,
4,Derby County,2010/2011,,,,,,,,,,,NP,2010-01-01,,,,,,,,,,,,
5,Queens Park Rangers,2010/2011,,,,,,,,,,,NP,2010-01-01,,,,,,,,,,,,
6,Reading,2010/2011,,,,,,,,,,,NP,2010-01-01,,,,,,,,,,,,
7,AFC Bournemouth,2010/2011,,,,,,,,,,,NP,2010-01-01,,,,,,,,,,,,
8,Crystal Palace,2010/2011,,,,,,,,,,,NP,2010-01-01,,,,,,,,,,,,
9,Norwich City,2010/2011,,,,,,,,,,,NP,2010-01-01,,,,,,,,,,,,
10,Hull City,2010/2011,,,,,,,,,,,NP,2010-01-01,,,,,,,,,,,,
11,Cardiff City,2010/2011,,,,,,,,,,,NP,2010-01-01,,,,,,,,,,,,
12,Southampton,2010/2011,,,,,,,,,,,NP,2010-01-01,,,,,,,,,,,,
13,Middlesbrough,2010/2011,,,,,,,,,,,NP,2010-01-01,,,,,,,,,,,,
14,Sheffield United,2010/2011,,,,,,,,,,,NP,2010-01-01,,,,,,,,,,,,
15,Watford,2010/2011,,,,,,,,,,,NP,2010-01-01,,,,,,,,,,,,
16,Burnley,2010/2011,,,,,,,,,,,NP,2010-01-01,,,,,,,,,,,,
0,Portsmouth,2011/2012,,,,,,,,,,,NP,2011-01-01,,,,,,,,,,,,
1,Leicester City,2011/2012,,,,,,,,,,,NP,2011-01-01,,,,,,,,,,,,
2,Charlton Athletic,2011/2012,,,,,,,,,,,NP,2011-01-01,,,,,,,,,,,,
3,Derby County,2011/2012,,,,,,,,,,,NP,2011-01-01,,,,,,,,,,,,
4,Reading,2011/2012,,,,,,,,,,,NP,2011-01-01,,,,,,,,,,,,
5,AFC Bournemouth,2011/2012,,,,,,,,,,,NP,2011-01-01,,,,,,,,,,,,
6,Crystal Palace,2011/2012,,,,,,,,,,,NP,2011-01-01,,,,,,,,,,,,
7,Hull City,2011/2012,,,,,,,,,,,NP,2011-01-01,,,,,,,,,,,,
8,Blackpool,2011/2012,,,,,,,,,,,NP,2011-01-01,,,,,,,,,,,,
9,Cardiff City,2011/2012,,,,,,,,,,,NP,2011-01-01,,,,,,,,,,,,
10,Southampton,2011/2012,,,,,,,,,,,NP,2011-01-01,,,,,,,,,,,,
11,Middlesbrough,2011/2012,,,,,,,,,,,NP,2011-01-01,,,,,,,,,,,,
12,Sheffield United,2011/2012,,,,,,,,,,,NP,2011-01-01,,,,,,,,,,,,
13,West Ham United,2011/2012,,,,,,,,,,,NP,2011-01-01,,,,,,,,,,,,
14,Watford,2011/2012,,,,,,,,,,,NP,2011-01-01,,,,,,,,,,,,
15,Birmingham City,2011/2012,,,,,,,,,,,NP,2011-01-01,,,,,,,,,,,,
16,Burnley,2011/2012,,,,,,,,,,,NP,2011-01-01,,,,,,,,,,,,
0,Portsmouth,2012/2013,,,,,,,,,,,NP,2012-01-01,,,,,,,,,,,,
1,Leicester City,2012/2013,,,,,,,,,,,NP,2012-01-01,,,,,,,,,,,,
2,Charlton Athletic,2012/2013,,,,,,,,,,,NP,2012-01-01,,,,,,,,,,,,
3,Derby County,2012/2013,,,,,,,,,,,NP,2012-01-01,,,,,,,,,,,,
4,Wolverhampton Wanderers,2012/2013,,,,,,,,,,,NP,2012-01-01,,,,,,,,,,,,
5,AFC Bournemouth,2012/2013,,,,,,,,,,,NP,2012-01-01,,,,,,,,,,,,
6,Blackburn Rovers,2012/2013,,,,,,,,,,,NP,2012-01-01,,,,,,,,,,,,
7,Crystal Palace,2012/2013,,,,,,,,,,,NP,2012-01-01,,,,,,,,,,,,
8,Hull City,2012/2013,,,,,,,,,,,NP,2012-01-01,,,,,,,,,,,,
9,Blackpool,2012/2013,,,,,,,,,,,NP,2012-01-01,,,,,,,,,,,,
10,Cardiff City,2012/2013,,,,,,,,,,,NP,2012-01-01,,,,,,,,,,,,
11,Middlesbrough,2012/2013,,,,,,,,,,,NP,2012-01-01,,,,,,,,,,,,
12,Sheffield United,2012/2013,,,,,,,,,,,NP,2012-01-01,,,,,,,,,,,,
13,Bolton Wanderers,2012/2013,,,,,,,,,,,NP,2012-01-01,,,,,,,,,,,,
14,Watford,2012/2013,,,,,,,,,,,NP,2012-01-01,,,,,,,,,,,,
15,Birmingham City,2012/2013,,,,,,,,,,,NP,2012-01-01,,,,,,,,,,,,
16,Burnley,2012/2013,,,,,,,,,,,NP,2012-01-01,,,,,,,,,,,,
0,Portsmouth,2013/2014,,,,,,,,,,,NP,2013-01-01,,,,,,,,,,,,
1,Leicester City,2013/2014,,,,,,,,,,,NP,2013-01-01,,,,,,,,,,,,
2,Charlton Athletic,2013/2014,,,,,,,,,,,NP,2013-01-01,,,,,,,,,,,,
3,Derby County,2013/2014,,,,,,,,,,,NP,2013-01-01,,,,,,,,,,,,
4,Wolverhampton Wanderers,2013/2014,,,,,,,,,,,NP,2013-01-01,,,,,,,,,,,,
5,Queens Park Rangers,2013/2014,,,,,,,,,,,NP,2013-01-01,,,,,,,,,,,,
6,Reading,2013/2014,,,,,,,,,,,NP,2013-01-01,,,,,,,,,,,,
7,AFC Bournemouth,2013/2014,,,,,,,,,,,NP,2013-01-01,,,,,,,,,,,,
8,Blackburn Rovers,2013/2014,,,,,,,,,,,NP,2013-01-01,,,,,,,,,,,,
9,Blackpool,2013/2014,,,,,,,,,,,NP,2013-01-01,,,,,,,,,,,,
10,Middlesbrough,2013/2014,,,,,,,,,,,NP,2013-01-01,,,,,,,,,,,,
11,Sheffield United,2013/2014,,,,,,,,,,,NP,2013-01-01,,,,,,,,,,,,
12,Wigan Athletic,2013/2014,,,,,,,,,,,NP,2013-01-01,,,,,,,,,,,,
13,Bolton Wanderers,2013/2014,,,,,,,,,,,NP,2013-01-01,,,,,,,,,,,,
14,Watford,2013/2014,,,,,,,,,,,NP,2013-01-01,,,,,,,,,,,,
15,Birmingham City,2013/2014,,,,,,,,,,,NP,2013-01-01,,,,,,,,,,,,
16,Burnley,2013/2014,,,,,,,,,,,NP,2013-01-01,,,,,,,,,,,,
0,Portsmouth,2014/2015,,,,,,,,,,,NP,2014-01-01,,,,,,,,,,,,
1,Fulham,2014/2015,,,,,,,,,,,NP,2014-01-01,,,,,,,,,,,,
2,Charlton Athletic,2014/2015,,,,,,,,,,,NP,2014-01-01,,,,,,,,,,,,
3,Derby County,2014/2015,,,,,,,,,,,NP,2014-01-01,,,,,,,,,,,,
4,Wolverhampton Wanderers,2014/2015,,,,,,,,,,,NP,2014-01-01,,,,,,,,,,,,
5,Reading,2014/2015,,,,,,,,,,,NP,2014-01-01,,,,,,,,,,,,
6,AFC Bournemouth,2014/2015,,,,,,,,,,,NP,2014-01-01,,,,,,,,,,,,
7,Blackburn Rovers,2014/2015,,,,,,,,,,,NP,2014-01-01,,,,,,,,,,,,
8,Norwich City,2014/2015,,,,,,,,,,,NP,2014-01-01,,,,,,,,,,,,
9,Blackpool,2014/2015,,,,,,,,,,,NP,2014-01-01,,,,,,,,,,,,
10,Cardiff City,2014/2015,,,,,,,,,,,NP,2014-01-01,,,,,,,,,,,,
11,Middlesbrough,2014/2015,,,,,,,,,,,NP,2014-01-01,,,,,,,,,,,,
12,Sheffield United,2014/2015,,,,,,,,,,,NP,2014-01-01,,,,,,,,,,,,
13,Wigan Athletic,2014/2015,,,,,,,,,,,NP,2014-01-01,,,,,,,,,,,,
14,Bolton Wanderers,2014/2015,,,,,,,,,,,NP,2014-01-01,,,,,,,,,,,,
15,Watford,2014/2015,,,,,,,,,,,NP,2014-01-01,,,,,,,,,,,,
16,Birmingham City,2014/2015,,,,,,,,,,,NP,2014-01-01,,,,,,,,,,,,
0,Portsmouth,2015/2016,,,,,,,,,,,NP,2015-01-01,,,,,,,,,,,,
1,Fulham,2015/2016,,,,,,,,,,,NP,2015-01-01,,,,,,,,,,,,
2,Charlton Athletic,2015/2016,,,,,,,,,,,NP,2015-01-01,,,,,,,,,,,,
3,Derby County,2015/2016,,,,,,,,,,,NP,2015-01-01,,,,,,,,,,,,
4,Wolverhampton Wanderers,2015/2016,,,,,,,,,,,NP,2015-01-01,,,,,,,,,,,,
5,Queens Park Rangers,2015/2016,,,,,,,,,,,NP,2015-01-01,,,,,,,,,,,,
6,Reading,2015/2016,,,,,,,,,,,NP,2015-01-01,,,,,,,,,,,,
7,Blackburn Rovers,2015/2016,,,,,,,,,,,NP,2015-01-01,,,,,,,,,,,,
8,Hull City,2015/2016,,,,,,,,,,,NP,2015-01-01,,,,,,,,,,,,
9,Blackpool,2015/2016,,,,,,,,,,,NP,2015-01-01,,,,,,,,,,,,
10,Cardiff City,2015/2016,,,,,,,,,,,NP,2015-01-01,,,,,,,,,,,,
11,Middlesbrough,2015/2016,,,,,,,,,,,NP,2015-01-01,,,,,,,,,,,,
12,Sheffield United,2015/2016,,,,,,,,,,,NP,2015-01-01,,,,,,,,,,,,
13,Wigan Athletic,2015/2016,,,,,,,,,,,NP,2015-01-01,,,,,,,,,,,,
14,Bolton Wanderers,2015/2016,,,,,,,,,,,NP,2015-01-01,,,,,,,,,,,,
15,Birmingham City,2015/2016,,,,,,,,,,,NP,2015-01-01,,,,,,,,,,,,
16,Burnley,2015/2016,,,,,,,,,,,NP,2015-01-01,,,,,,,,,,,,
0,Portsmouth,2016/2017,,,,,,,,,,,NP,2016-01-01,,,,,,,,,,,,
1,Aston Villa,2016/2017,,,,,,,,,,,NP,2016-01-01,,,,,,,,,,,,
2,Fulham,2016/2017,,,,,,,,,,,NP,2016-01-01,,,,,,,,,,,,
3,Newcastle United,2016/2017,,,,,,,,,,,NP,2016-01-01,,,,,,,,,,,,
4,Charlton Athletic,2016/2017,,,,,,,,,,,NP,2016-01-01,,,,,,,,,,,,
5,Derby County,2016/2017,,,,,,,,,,,NP,2016-01-01,,,,,,,,,,,,
6,Queens Park Rangers,2016/2017,,,,,,,,,,,NP,2016-01-01,,,,,,,,,,,,
7,Reading,2016/2017,,,,,,,,,,,NP,2016-01-01,,,,,,,,,,,,
8,Blackburn Rovers,2016/2017,,,,,,,,,,,NP,2016-01-01,,,,,,,,,,,,
9,Norwich City,2016/2017,,,,,,,,,,,NP,2016-01-01,,,,,,,,,,,,
10,Blackpool,2016/2017,,,,,,,,,,,NP,2016-01-01,,,,,,,,,,,,
11,Cardiff City,2016/2017,,,,,,,,,,,NP,2016-01-01,,,,,,,,,,,,
12,Sheffield United,2016/2017,,,,,,,,,,,NP,2016-01-01,,,,,,,,,,,,
13,Wigan Athletic,2016/2017,,,,,,,,,,,NP,2016-01-01,,,,,,,,,,,,
14,Bolton Wanderers,2016/2017,,,,,,,,,,,NP,2016-01-01,,,,,,,,,,,,
15,Birmingham City,2016/2017,,,,,,,,,,,NP,2016-01-01,,,,,,,,,,,,
16,Wolverhampton Wanderers,2016/2017,,,,,,,,,,,NP,2016-01-01,,,,,,,,,,,,
